epoch,average_loss,total_samples,best_loss_so_far
0,0.2786752337063516,4,0.2786752337063516
1,0.2739029363553059,4,0.2739029363553059
2,0.2703183835689804,4,0.2703183835689804
3,0.2676706152379813,4,0.2676706152379813
4,0.265737437406229,4,0.265737437406229
5,0.26433649679165466,4,0.26433649679165466
6,0.26332537319994437,4,0.26332537319994437
7,0.262596457787372,4,0.262596457787372
8,0.26207023702784743,4,0.26207023702784743
9,0.26168883252116304,4,0.26168883252116304
10,0.26141053505398354,4,0.26141053505398354
11,0.2612054862849788,4,0.2612054862849788
12,0.2610524032056359,4,0.2610524032056359
13,0.2609361560253772,4,0.2609361560253772
14,0.26084600613965314,4,0.26084600613965314
15,0.26077433779046305,4,0.26077433779046305
16,0.26071575133228453,4,0.26071575133228453
17,0.2606664178483723,4,0.2606664178483723
18,0.26062362104557035,4,0.26062362104557035
19,0.26058543261408706,4,0.26058543261408706
20,0.26055048237290535,4,0.26055048237290535
21,0.2605177955890196,4,0.2605177955890196
22,0.26048667784463037,4,0.26048667784463037
23,0.2604566335399887,4,0.2604566335399887
24,0.26042730818539334,4,0.26042730818539334
25,0.26039844751938307,4,0.26039844751938307
26,0.26036986853108657,4,0.26036986853108657
27,0.2603414389075718,4,0.2603414389075718
28,0.26031306244655045,4,0.26031306244655045
29,0.26028466869504163,4,0.26028466869504163
30,0.26025620558346635,4,0.26025620558346635
31,0.2602276341842563,4,0.2602276341842563
32,0.26019892497827496,4,0.26019892497827496
33,0.2601700551921382,4,0.2601700551921382
34,0.26014100689672176,4,0.26014100689672176
35,0.26011176564718286,4,0.26011176564718286
36,0.2600823195085922,4,0.2600823195085922
37,0.26005265835645225,4,0.26005265835645225
38,0.26002277337340884,4,0.26002277337340884
39,0.2599926566861843,4,0.2599926566861843
40,0.259962301102884,4,0.259962301102884
41,0.25993169992227966,4,0.25993169992227966
42,0.25990084679481235,4,0.25990084679481235
43,0.2598697356208433,4,0.2598697356208433
44,0.2598383604758026,4,0.2598383604758026
45,0.25980671555481877,4,0.25980671555481877
46,0.2597747951315055,4,0.2597747951315055
47,0.2597425935270777,4,0.2597425935270777
48,0.2597101050870338,4,0.2597101050870338
49,0.2596773241634112,4,0.2596773241634112
50,0.25964424510116435,4,0.25964424510116435
51,0.259610862227615,4,0.259610862227615
52,0.2595771698442048,4,0.2595771698442048
53,0.25954316221998464,4,0.25954316221998464
54,0.25950883358642673,4,0.25950883358642673
55,0.25947417813325224,4,0.25947417813325224
56,0.25943919000504234,4,0.25943919000504234
57,0.25940386329846393,4,0.25940386329846393
58,0.2593681920599801,4,0.2593681920599801
59,0.2593321702839455,4,0.2593321702839455
60,0.2592957919110148,4,0.2592957919110148
61,0.2592590508268042,4,0.2592590508268042
62,0.259221940860763,4,0.259221940860763
63,0.2591844557852204,4,0.2591844557852204
64,0.25914658931458073,4,0.25914658931458073
65,0.2591083351046456,4,0.2591083351046456
66,0.2590696867520464,4,0.2590696867520464
67,0.25903063779377367,4,0.25903063779377367
68,0.2589911817067939,4,0.2589911817067939
69,0.25895131190774373,4,0.25895131190774373
70,0.2589110217526951,4,0.2589110217526951
71,0.2588703045369882,4,0.2588703045369882
72,0.25882915349512475,4,0.25882915349512475
73,0.25878756180072005,4,0.25878756180072005
74,0.2587455225665117,4,0.2587455225665117
75,0.25870302884442087,4,0.25870302884442087
76,0.2586600736256662,4,0.2586600736256662
77,0.2586166498409281,4,0.2586166498409281
78,0.2585727503605635,4,0.2585727503605635
79,0.25852836799486884,4,0.25852836799486884
80,0.25848349549439215,4,0.25848349549439215
81,0.2584381255502931,4,0.2584381255502931
82,0.25839225079475087,4,0.25839225079475087
83,0.2583458638014202,4,0.2583458638014202
84,0.25829895708593453,4,0.25829895708593453
85,0.2582515231064574,4,0.2582515231064574
86,0.25820355426428077,4,0.25820355426428077
87,0.25815504290447233,4,0.25815504290447233
88,0.2581059813165687,4,0.2581059813165687
89,0.2580563617353183,4,0.2580563617353183
90,0.25800617634147066,4,0.25800617634147066
91,0.25795541726261384,4,0.25795541726261384
92,0.25790407657406034,4,0.25790407657406034
93,0.25785214629977904,4,0.25785214629977904
94,0.2577996184133769,4,0.2577996184133769
95,0.25774648483912577,4,0.25774648483912577
96,0.25769273745303867,4,0.25769273745303867
97,0.2576383680839908,4,0.2576383680839908
98,0.2575833685148892,4,0.2575833685148892
99,0.2575277304838871,4,0.2575277304838871
100,0.2574714456856453,4,0.2574714456856453
101,0.25741450577263786,4,0.25741450577263786
102,0.25735690235650366,4,0.25735690235650366
103,0.25729862700944073,4,0.25729862700944073
104,0.25723967126564545,4,0.25723967126564545
105,0.2571800266227932,4,0.2571800266227932
106,0.2571196845435614,4,0.2571196845435614
107,0.2570586364571935,4,0.2570586364571935
108,0.25699687376110225,4,0.25699687376110225
109,0.2569343878225128,4,0.2569343878225128
110,0.2568711699801424,4,0.2568711699801424
111,0.25680721154591724,4,0.25680721154591724
112,0.25674250380672414,4,0.25674250380672414
113,0.25667703802619674,4,0.25667703802619674
114,0.25661080544653314,4,0.25661080544653314
115,0.2565437972903458,4,0.2565437972903458
116,0.2564760047625394,4,0.2564760047625394
117,0.2564074190522181,4,0.2564074190522181
118,0.25633803133461797,4,0.25633803133461797
119,0.25626783277306425,4,0.25626783277306425
120,0.2561968145209519,4,0.2561968145209519
121,0.2561249677237464,4,0.2561249677237464
122,0.25605228352100373,4,0.25605228352100373
123,0.25597875304840917,4,0.25597875304840917
124,0.25590436743982914,4,0.25590436743982914
125,0.25582911782937856,4,0.25582911782937856
126,0.2557529953534987,4,0.2557529953534987
127,0.2556759911530452,4,0.2556759911530452
128,0.2555980963753836,4,0.2555980963753836
129,0.25551930217649044,4,0.25551930217649044
130,0.25543959972305824,4,0.25543959972305824
131,0.2553589801946025,4,0.2553589801946025
132,0.2552774347855684,4,0.2552774347855684
133,0.25519495470743536,4,0.25519495470743536
134,0.25511153119081836,4,0.25511153119081836
135,0.25502715548756294,4,0.25502715548756294
136,0.2549418188728329,4,0.2549418188728329
137,0.2548555126471891,4,0.2548555126471891
138,0.2547682281386575,4,0.2547682281386575
139,0.2546799567047846,4,0.2546799567047846
140,0.25459068973467847,4,0.25459068973467847
141,0.2545004186510358,4,0.2545004186510358
142,0.25440913491215106,4,0.25440913491215106
143,0.25431683001390826,4,0.25431683001390826
144,0.25422349549175394,4,0.25422349549175394
145,0.25412912292265016,4,0.25412912292265016
146,0.25403370392700586,4,0.25403370392700586
147,0.25393723017058756,4,0.25393723017058756
148,0.25383969336640766,4,0.25383969336640766
149,0.25374108527658973,4,0.25374108527658973
150,0.25364139771421057,4,0.25364139771421057
151,0.2535406225451199,4,0.2535406225451199
152,0.2534387516897361,4,0.2534387516897361
153,0.253335777124819,4,0.253335777124819
154,0.25323169088521974,4,0.25323169088521974
155,0.25312648506560953,4,0.25312648506560953
156,0.2530201518221843,4,0.2530201518221843
157,0.2529126833743509,4,0.2529126833743509
158,0.25280407200639243,4,0.25280407200639243
159,0.2526943100691143,4,0.2526943100691143
160,0.2525833899814744,4,0.2525833899814744
161,0.25247130423219594,4,0.25247130423219594
162,0.2523580453813673,4,0.2523580453813673
163,0.2522436060620287,4,0.2522436060620287
164,0.2521279789817497,4,0.2521279789817497
165,0.2520111569241978,4,0.2520111569241978
166,0.25189313275070196,4,0.25189313275070196
167,0.25177389940181283,4,0.25177389940181283
168,0.251653449898863,4,0.251653449898863
169,0.2515317773455291,4,0.2515317773455291
170,0.25140887492940045,4,0.25140887492940045
171,0.2512847359235552,4,0.2512847359235552
172,0.25115935368814934,4,0.25115935368814934
173,0.25103272167202073,4,0.25103272167202073
174,0.25090483341431197,4,0.25090483341431197
175,0.25077568254611554,4,0.25077568254611554
176,0.2506452627921457,4,0.2506452627921457
177,0.25051356797244007,4,0.25051356797244007
178,0.25038059200409457,4,0.25038059200409457
179,0.2502463289030372,4,0.2502463289030372
180,0.2501107727858426,4,0.2501107727858426
181,0.24997391787159318,4,0.24997391787159318
182,0.24983575848378886,4,0.24983575848378886
183,0.24969628905231242,4,0.24969628905231242
184,0.24955550411545097,4,0.24955550411545097
185,0.24941339832198015,4,0.24941339832198015
186,0.24926996643331406,4,0.24926996643331406
187,0.24912520332572471,4,0.24912520332572471
188,0.24897910399263523,4,0.24897910399263523
189,0.24883166354699,4,0.24883166354699
190,0.24868287722370638,4,0.24868287722370638
191,0.24853274038221004,4,0.24853274038221004
192,0.24838124850905896,4,0.24838124850905896
193,0.24822839722065793,4,0.24822839722065793
194,0.2480741822660673,4,0.2480741822660673
195,0.2479185995299092,4,0.2479185995299092
196,0.24776164503537224,4,0.24776164503537224
197,0.24760331494732019,4,0.24760331494732019
198,0.24744360557550327,4,0.24744360557550327
199,0.2472825133778762,4,0.2472825133778762
200,0.24712003496402496,4,0.24712003496402496
201,0.2469561670987018,4,0.2469561670987018
202,0.2467909067054715,4,0.2467909067054715
203,0.2466242508704682,4,0.2466242508704682
204,0.24645619684626482,4,0.24645619684626482
205,0.24628674205585277,4,0.24628674205585277
206,0.24611588409673477,4,0.24611588409673477
207,0.24594362074512738,4,0.24594362074512738
208,0.24576994996027354,4,0.24576994996027354
209,0.245594869888864,4,0.245594869888864
210,0.24541837886956464,4,0.24541837886956464
211,0.24524047543764868,4,0.24524047543764868
212,0.2450611583297298,4,0.2450611583297298
213,0.2448804264885942,4,0.2448804264885942
214,0.24469827906812797,4,0.24469827906812797
215,0.2445147154383342,4,0.2445147154383342
216,0.2443297351904376,4,0.2443297351904376
217,0.24414333814206973,4,0.24414333814206973
218,0.24395552434253123,4,0.24395552434253123
219,0.24376629407812284,4,0.24376629407812284
220,0.24357564787754155,4,0.24357564787754155
221,0.24338358651733277,4,0.24338358651733277
222,0.24319011102739288,4,0.24319011102739288
223,0.2429952226965128,4,0.2429952226965128
224,0.24279892307795614,4,0.24279892307795614
225,0.24260121399506154,4,0.24260121399506154
226,0.24240209754686143,4,0.24240209754686143
227,0.24220157611370655,4,0.24220157611370655
228,0.24199965236288706,4,0.24199965236288706
229,0.24179632925423916,4,0.24179632925423916
230,0.24159161004572682,4,0.24159161004572682
231,0.24138549829898714,4,0.24138549829898714
232,0.24117799788482755,4,0.24117799788482755
233,0.24096911298866358,4,0.24096911298866358
234,0.24075884811588405,4,0.24075884811588405
235,0.24054720809713115,4,0.24054720809713115
236,0.24033419809348333,4,0.24033419809348333
237,0.24011982360152667,4,0.24011982360152667
238,0.2399040904583017,4,0.2399040904583017
239,0.23968700484611244,4,0.23968700484611244
240,0.23946857329718313,4,0.23946857329718313
241,0.23924880269814863,4,0.23924880269814863
242,0.23902770029436538,4,0.23902770029436538
243,0.2388052736940267,4,0.2388052736940267
244,0.23858153087207043,4,0.23858153087207043
245,0.23835648017386266,4,0.23835648017386266
246,0.23813013031864397,4,0.23813013031864397
247,0.23790249040272493,4,0.23790249040272493
248,0.23767356990241373,4,0.23767356990241373
249,0.2374433786766662,4,0.2374433786766662
250,0.2372119269694396,4,0.2372119269694396
251,0.2369792254117408,4,0.2369792254117408
252,0.23674528502335226,4,0.23674528502335226
253,0.23651011721422424,4,0.23651011721422424
254,0.23627373378552033,4,0.23627373378552033
255,0.23603614693030397,4,0.23603614693030397
256,0.2357973692338527,4,0.2357973692338527
257,0.235557413673591,4,0.235557413673591
258,0.23531629361862846,4,0.23531629361862846
259,0.2350740228288941,4,0.2350740228288941
260,0.23483061545385714,4,0.23483061545385714
261,0.23458608603082398,4,0.23458608603082398
262,0.2343404494828037,4,0.2343404494828037
263,0.23409372111593424,4,0.23409372111593424
264,0.23384591661646187,4,0.23384591661646187
265,0.2335970520472678,4,0.2335970520472678
266,0.23334714384393646,4,0.23334714384393646
267,0.2330962088103612,4,0.2330962088103612
268,0.23284426411388298,4,0.23284426411388298
269,0.23259132727995974,4,0.23259132727995974
270,0.23233741618636466,4,0.23233741618636466
271,0.23208254905691184,4,0.23208254905691184
272,0.2318267444547102,4,0.2318267444547102
273,0.23157002127494575,4,0.23157002127494575
274,0.23131239873719503,4,0.23131239873719503
275,0.23105389637727233,4,0.23105389637727233
276,0.23079453403861525,4,0.23079453403861525
277,0.23053433186321282,4,0.23053433186321282
278,0.23027331028208328,4,0.23027331028208328
279,0.23001149000530802,4,0.23001149000530802
280,0.2297488920116303,4,0.2297488920116303
281,0.22948553753762765,4,0.22948553753762765
282,0.22922144806646808,4,0.22922144806646808
283,0.2289566453162616,4,0.2289566453162616
284,0.22869115122801892,4,0.22869115122801892
285,0.22842498795323019,4,0.22842498795323019
286,0.22815817784107872,4,0.22815817784107872
287,0.2278907434253029,4,0.2278907434253029
288,0.22762270741072382,4,0.22762270741072382
289,0.2273540926594538,4,0.2273540926594538
290,0.22708492217680382,4,0.22708492217680382
291,0.22681521909690722,4,0.22681521909690722
292,0.22654500666808003,4,0.22654500666808003
293,0.22627430823793457,4,0.22627430823793457
294,0.22600314723826914,4,0.22600314723826914
295,0.22573154716975233,4,0.22573154716975233
296,0.22545953158642384,4,0.22545953158642384
297,0.22518712408003325,4,0.22518712408003325
298,0.22491434826423845,4,0.22491434826423845
299,0.22464122775868517,4,0.22464122775868517
300,0.22436778617299147,4,0.22436778617299147
301,0.22409404709065914,4,0.22409404709065914
302,0.22382003405293371,4,0.22382003405293371
303,0.22354577054263813,4,0.22354577054263813
304,0.2232712799680011,4,0.2232712799680011
305,0.2229965856465041,4,0.2229965856465041
306,0.22272171078876887,4,0.22272171078876887
307,0.22244667848250965,4,0.22244667848250965
308,0.22217151167657068,4,0.22217151167657068
309,0.22189623316507232,4,0.22189623316507232
310,0.22162086557168753,4,0.22162086557168753
311,0.22134543133407003,4,0.22134543133407003
312,0.22106995268845525,4,0.22106995268845525
313,0.2207944516544551,4,0.2207944516544551
314,0.22051895002006525,4,0.22051895002006525
315,0.2202434693269073,4,0.2202434693269073
316,0.2199680308557211,4,0.2199680308557211
317,0.21969265561212903,4,0.21969265561212903
318,0.21941736431268744,4,0.21941736431268744
319,0.21914217737124322,4,0.21914217737124322
320,0.2188671148856114,4,0.2188671148856114
321,0.21859219662458923,4,0.21859219662458923
322,0.21831744201532166,4,0.21831744201532166
323,0.21804287013103094,4,0.21804287013103094
324,0.21776849967912423,4,0.21776849967912423
325,0.21749434898969122,4,0.21749434898969122
326,0.21722043600440213,4,0.21722043600440213
327,0.21694677826581701,4,0.21694677826581701
328,0.2166733929071156,4,0.2166733929071156
329,0.21640029664225596,4,0.21640029664225596
330,0.21612750575656975,4,0.21612750575656975
331,0.21585503609780007,4,0.21585503609780007
332,0.21558290306758882,4,0.21558290306758882
333,0.21531112161341676,4,0.21531112161341676
334,0.215039706221002,4,0.215039706221002
335,0.21476867090715768,4,0.21476867090715768
336,0.21449802921311362,4,0.21449802921311362
337,0.2142277941983009,4,0.2142277941983009
338,0.21395797843460101,4,0.21395797843460101
339,0.21368859400105894,4,0.21368859400105894
340,0.21341965247905886,4,0.21341965247905886
341,0.21315116494796021,4,0.21315116494796021
342,0.21288314198119213,4,0.21288314198119213
343,0.21261559364280172,4,0.21261559364280172
344,0.2123485294844527,4,0.2123485294844527
345,0.21208195854286932,4,0.21208195854286932
346,0.21181588933771922,4,0.21181588933771922
347,0.21155032986993028,4,0.21155032986993028
348,0.2112852876204338,4,0.2112852876204338
349,0.21102076954932636,4,0.21102076954932636
350,0.21075678209544324,4,0.21075678209544324
351,0.21049333117633406,4,0.21049333117633406
352,0.21023042218863217,4,0.21023042218863217
353,0.20996806000880835,4,0.20996806000880835
354,0.20970624899429835,4,0.20970624899429835
355,0.20944499298499503,4,0.20944499298499503
356,0.20918429530509305,4,0.20918429530509305
357,0.2089241587652768,4,0.2089241587652768
358,0.208664585665239,4,0.208664585665239
359,0.2084055777965183,4,0.2084055777965183
360,0.20814713644564545,4,0.20814713644564545
361,0.20788926239758426,4,0.20788926239758426
362,0.20763195593945621,4,0.20763195593945621
363,0.20737521686453578,4,0.20737521686453578
364,0.20711904447650403,4,0.20711904447650403
365,0.20686343759394757,4,0.20686343759394757
366,0.20660839455509034,4,0.20660839455509034
367,0.20635391322274488,4,0.20635391322274488
368,0.20609999098947085,4,0.20609999098947085
369,0.20584662478292662,4,0.20584662478292662
370,0.20559381107140207,4,0.20559381107140207
371,0.20534154586951905,4,0.20534154586951905
372,0.20508982474408619,4,0.20508982474408619
373,0.20483864282009578,4,0.20483864282009578
374,0.2045879947868494,4,0.2045879947868494
375,0.20433787490419927,4,0.20433787490419927
376,0.20408827700889323,4,0.20408827700889323
377,0.20383919452100996,4,0.20383919452100996
378,0.2035906204504727,4,0.2035906204504727
379,0.20334254740362775,4,0.20334254740362775
380,0.20309496758987794,4,0.20309496758987794
381,0.20284787282835576,4,0.20284787282835576
382,0.20260125455462707,4,0.20260125455462707
383,0.20235510382741217,4,0.20235510382741217
384,0.2021094113353128,4,0.2021094113353128
385,0.2018641674035347,4,0.2018641674035347
386,0.2016193620005926,4,0.2016193620005926
387,0.20137498474498958,4,0.20137498474498958
388,0.20113102491185736,4,0.20113102491185736
389,0.20088747143954858,4,0.20088747143954858
390,0.20064431293617127,4,0.20064431293617127
391,0.20040153768605404,4,0.20040153768605404
392,0.2001591336561338,4,0.2001591336561338
393,0.1999170885022558,4,0.1999170885022558
394,0.19967538957537762,4,0.19967538957537762
395,0.1994340239276673,4,0.1994340239276673
396,0.19919297831848798,4,0.19919297831848798
397,0.19895223922026067,4,0.19895223922026067
398,0.19871179282419715,4,0.19871179282419715
399,0.1984716250458949,4,0.1984716250458949
400,0.19823172153078822,4,0.19823172153078822
401,0.1979920676594472,4,0.1979920676594472
402,0.19775264855271868,4,0.19775264855271868
403,0.197513449076703,4,0.197513449076703
404,0.1972744538475604,4,0.1972744538475604
405,0.19703564723614142,4,0.19703564723614142
406,0.1967970133724372,4,0.1967970133724372
407,0.1965585361498432,4,0.1965585361498432
408,0.1963201992292334,4,0.1963201992292334
409,0.19608198604284022,4,0.19608198604284022
410,0.1958438797979366,4,0.1958438797979366
411,0.19560586348031705,4,0.19560586348031705
412,0.19536791985757526,4,0.19536791985757526
413,0.19513003148217412,4,0.19513003148217412
414,0.1948921806943088,4,0.1948921806943088
415,0.19465434962455835,4,0.19465434962455835
416,0.1944165201963264,4,0.1944165201963264
417,0.1941786741280695,4,0.1941786741280695
418,0.19394079293531244,4,0.19394079293531244
419,0.19370285793245054,4,0.19370285793245054
420,0.1934648502343395,4,0.1934648502343395
421,0.19322675075767307,4,0.19322675075767307
422,0.19298854022214998,4,0.19298854022214998
423,0.19275019915143182,4,0.19275019915143182
424,0.19251170787389282,4,0.19251170787389282
425,0.1922730465231653,4,0.1922730465231653
426,0.192034195038482,4,0.192034195038482
427,0.1917951331648194,4,0.1917951331648194
428,0.19155584045284516,4,0.19155584045284516
429,0.19131629625867314,4,0.19131629625867314
430,0.19107647974343062,4,0.19107647974343062
431,0.19083636987264224,4,0.19083636987264224
432,0.19059594541543562,4,0.19059594541543562
433,0.1903551849435729,4,0.1903551849435729
434,0.1901140668303159,4,0.1901140668303159
435,0.18987256924912843,4,0.18987256924912843
436,0.1896306701722238,4,0.1896306701722238
437,0.18938834736896268,4,0.18938834736896268
438,0.18914557840410995,4,0.18914557840410995
439,0.188902340635955,4,0.188902340635955
440,0.1886586112143063,4,0.1886586112143063
441,0.18841436707836406,4,0.18841436707836406
442,0.18816958495448288,4,0.18816958495448288
443,0.18792424135382932,4,0.18792424135382932
444,0.18767831256994466,4,0.18767831256994466
445,0.1874317746762211,4,0.1874317746762211
446,0.18718460352330002,4,0.18718460352330002
447,0.18693677473640152,4,0.18693677473640152
448,0.18668826371259462,4,0.18668826371259462
449,0.1864390456180176,4,0.1864390456180176
450,0.18618909538505807,4,0.18618909538505807
451,0.18593838770950216,4,0.18593838770950216
452,0.18568689704766392,4,0.18568689704766392
453,0.18543459761350353,4,0.18543459761350353
454,0.18518146337574612,4,0.18518146337574612
455,0.18492746805501004,4,0.18492746805501004
456,0.18467258512095663,4,0.18467258512095663
457,0.18441678778947135,4,0.18441678778947135
458,0.18416004901988603,4,0.18416004901988603
459,0.18390234151225585,4,0.18390234151225585
460,0.18364363770469855,4,0.18364363770469855
461,0.18338390977080998,4,0.18338390977080998
462,0.18312312961716504,4,0.18312312961716504
463,0.1828612688809163,4,0.1828612688809163
464,0.18259829892750118,4,0.18259829892750118
465,0.18233419084846975,4,0.18233419084846975
466,0.1820689154594432,4,0.1820689154594432
467,0.1818024432982166,4,0.1818024432982166
468,0.18153474462301566,4,0.18153474462301566
469,0.1812657894109208,4,0.1812657894109208
470,0.18099554735646906,4,0.18099554735646906
471,0.1807239878704464,4,0.1807239878704464
472,0.1804510800788833,4,0.1804510800788833
473,0.18017679282226318,4,0.18017679282226318
474,0.17990109465495913,4,0.17990109465495913
475,0.17962395384490829,4,0.17962395384490829
476,0.17934533837353844,4,0.17934533837353844
477,0.17906521593595748,4,0.17906521593595748
478,0.17878355394142043,4,0.17878355394142043
479,0.1785003195140844,4,0.1785003195140844
480,0.17821547949406594,4,0.17821547949406594
481,0.1779290004388135,4,0.1779290004388135
482,0.17764084862480725,4,0.17764084862480725
483,0.17735099004959992,4,0.17735099004959992
484,0.17705939043421262,4,0.17705939043421262
485,0.1767660152258975,4,0.1767660152258975
486,0.17647082960128238,4,0.17647082960128238
487,0.1761737984699102,4,0.1761737984699102
488,0.17587488647818694,4,0.17587488647818694
489,0.17557405801375264,4,0.17557405801375264
490,0.1752712772102891,4,0.1752712772102891
491,0.17496650795277827,4,0.17496650795277827
492,0.17465971388322643,4,0.17465971388322643
493,0.17435085840686765,4,0.17435085840686765
494,0.1740399046988618,4,0.1740399046988618
495,0.17372681571150128,4,0.17372681571150128
496,0.17341155418194165,4,0.17341155418194165
497,0.17309408264047024,4,0.17309408264047024
498,0.172774363419329,4,0.172774363419329
499,0.17245235866210493,4,0.17245235866210493
500,0.17212803033370408,4,0.17212803033370408
501,0.17180134023092425,4,0.17180134023092425
502,0.1714722499936408,4,0.1714722499936408
503,0.17114072111662093,4,0.17114072111662093
504,0.1708067149619816,4,0.1708067149619816
505,0.17047019277230535,4,0.17047019277230535
506,0.17013111568443007,4,0.17013111568443007
507,0.16978944474392516,4,0.16978944474392516
508,0.16944514092027174,4,0.16944514092027174
509,0.1690981651227581,4,0.1690981651227581
510,0.16874847821710642,4,0.16874847821710642
511,0.1683960410428437,4,0.1683960410428437
512,0.16804081443143065,4,0.16804081443143065
513,0.1676827592251614,4,0.1676827592251614
514,0.16732183629684683,4,0.16732183629684683
515,0.16695800657029264,4,0.16695800657029264
516,0.1665912310415861,4,0.1665912310415861
517,0.1662214708011989,4,0.1662214708011989
518,0.16584868705691957,4,0.16584868705691957
519,0.165472841157623,4,0.165472841157623
520,0.16509389461788632,4,0.16509389461788632
521,0.1647118091434589,4,0.1647118091434589
522,0.1643265466575929,4,0.1643265466575929
523,0.16393806932824062,4,0.16393806932824062
524,0.16354633959612216,4,0.16354633959612216
525,0.1631513202036684,4,0.1631513202036684
526,0.16275297422483886,4,0.16275297422483886
527,0.16235126509581715,4,0.16235126509581715
528,0.16194615664658227,4,0.16194615664658227
529,0.16153761313335227,4,0.16153761313335227
530,0.16112559927189765,4,0.16112559927189765
531,0.16071008027171685,4,0.16071008027171685
532,0.1602910218710669,4,0.1602910218710669
533,0.15986839037283873,4,0.15986839037283873
534,0.15944215268126477,4,0.15944215268126477
535,0.15901227633944517,4,0.15901227633944517
536,0.15857872956767574,4,0.15857872956767574
537,0.15814148130255767,4,0.15814148130255767
538,0.1577005012368694,4,0.1577005012368694
539,0.15725575986017426,4,0.15725575986017426
540,0.15680722850013887,4,0.15680722850013887
541,0.15635487936453157,4,0.15635487936453157
542,0.15589868558386882,4,0.15589868558386882
543,0.1554386212546739,4,0.1554386212546739
544,0.1549746614833098,4,0.1549746614833098
545,0.15450678243034432,4,0.15450678243034432
546,0.15403496135540307,4,0.15403496135540307
547,0.15355917666246222,4,0.15355917666246222
548,0.1530794079455299,4,0.1530794079455299
549,0.15259563603466175,4,0.15259563603466175
550,0.15210784304225283,4,0.15210784304225283
551,0.15161601240954486,4,0.15161601240954486
552,0.15112012895328464,4,0.15112012895328464
553,0.1506201789124651,4,0.1506201789124651
554,0.15011614999507805,4,0.15011614999507805
555,0.14960803142480522,4,0.14960803142480522
556,0.14909581398756844,4,0.14909581398756844
557,0.14857949007785895,4,0.14857949007785895
558,0.14805905374476208,4,0.14805905374476208
559,0.14753450073758928,4,0.14753450073758928
560,0.14700582855102906,4,0.14700582855102906
561,0.14647303646972293,4,0.14647303646972293
562,0.1459361256121708,4,0.1459361256121708
563,0.14539509897386999,4,0.14539509897386999
564,0.14484996146958487,4,0.14484996146958487
565,0.14430071997464727,4,0.14430071997464727
566,0.14374738336518122,4,0.14374738336518122
567,0.14318996255714864,4,0.14318996255714864
568,0.14262847054410605,4,0.14262847054410605
569,0.14206292243356547,4,0.14206292243356547
570,0.14149333548184975,4,0.14149333548184975
571,0.14091972912733183,4,0.14091972912733183
572,0.14034212502194776,4,0.14034212502194776
573,0.13976054706087376,4,0.13976054706087376
574,0.13917502141025687,4,0.13917502141025687
575,0.1385855765328903,4,0.1385855765328903
576,0.13799224321172548,4,0.13799224321172548
577,0.13739505457111423,4,0.13739505457111423
578,0.13679404609567702,4,0.13679404609567702
579,0.13618925564669415,4,0.13618925564669415
580,0.13558072347592126,4,0.13558072347592126
581,0.13496849223673213,4,0.13496849223673213
582,0.13435260699249657,4,0.13435260699249657
583,0.1337331152221043,4,0.1337331152221043
584,0.13311006682254978,4,0.13311006682254978
585,0.13248351410850012,4,0.13248351410850012
586,0.13185351180877009,4,0.13185351180877009
587,0.1312201170596365,4,0.1312201170596365
588,0.13058338939492964,4,0.13058338939492964
589,0.12994339073284508,4,0.12994339073284508
590,0.12930018535942667,4,0.12930018535942667
591,0.12865383990868012,4,0.12865383990868012
592,0.12800442333928105,4,0.12800442333928105
593,0.1273520069078519,4,0.1273520069078519
594,0.12669666413878966,4,0.12669666413878966
595,0.1260384707906345,4,0.1260384707906345
596,0.1253775048189772,4,0.1253775048189772
597,0.12471384633591599,4,0.12471384633591599
598,0.12404757756607643,4,0.12404757756607643
599,0.12337878279922379,4,0.12337878279922379
600,0.12270754833950187,4,0.12270754833950187
601,0.12203396245134414,4,0.12203396245134414
602,0.12135811530211302,4,0.12135811530211302
603,0.12068009890152974,4,0.12068009890152974
604,0.12000000703797127,4,0.12000000703797127
605,0.11931793521171535,4,0.11931793521171535
606,0.11863398056522864,4,0.11863398056522864
607,0.11794824181059813,4,0.11794824181059813
608,0.11726081915421789,4,0.11726081915421789
609,0.1165718142188503,4,0.1165718142188503
610,0.11588132996318978,4,0.11588132996318978
611,0.11518947059906565,4,0.11518947059906565
612,0.1144963415064268,4,0.1144963415064268
613,0.11380204914626119,4,0.11380204914626119
614,0.11310670097160602,4,0.11310670097160602
615,0.11241040533681476,4,0.11241040533681476
616,0.11171327140524989,4,0.11171327140524989
617,0.11101540905557765,4,0.11101540905557765
618,0.1103169287868444,4,0.1103169287868444
619,0.10961794162251987,4,0.10961794162251987
620,0.10891855901369321,4,0.10891855901369321
621,0.10821889274161431,4,0.10821889274161431
622,0.10751905481977228,4,0.10751905481977228
623,0.1068191573957051,4,0.1068191573957051
624,0.10611931265273584,4,0.10611931265273584
625,0.10541963271183061,4,0.10541963271183061
626,0.10472022953377225,4,0.10472022953377225
627,0.10402121482184384,4,0.10402121482184384
628,0.10332269992521267,4,0.10332269992521267
629,0.10262479574320368,4,0.10262479574320368
630,0.10192761263064781,4,0.10192761263064781
631,0.10123126030448686,4,0.10123126030448686
632,0.10053584775181104,4,0.10053584775181104
633,0.0998414831395028,4,0.0998414831395028
634,0.0991482737256509,4,0.0991482737256509
635,0.09845632577289631,4,0.09845632577289631
636,0.09776574446386252,4,0.09776574446386252
637,0.09707663381881579,4,0.09707663381881579
638,0.09638909661569484,4,0.09638909661569484
639,0.09570323431263895,4,0.09570323431263895
640,0.09501914697313711,4,0.09501914697313711
641,0.09433693319391181,4,0.09433693319391181
642,0.09365669003564087,4,0.09365669003564087
643,0.09297851295661345,4,0.09297851295661345
644,0.0923024957494048,4,0.0923024957494048
645,0.09162873048064786,4,0.09162873048064786
646,0.09095730743396654,4,0.09095730743396654
647,0.0902883150561294,4,0.0902883150561294
648,0.08962183990647017,4,0.08962183990647017
649,0.08895796660961482,4,0.08895796660961482
650,0.08829677781154079,4,0.08829677781154079
651,0.08763835413899146,4,0.08763835413899146
652,0.08698277416225261,4,0.08698277416225261
653,0.08633011436129324,4,0.08633011436129324
654,0.08568044909526415,4,0.08568044909526415
655,0.08503385057533541,4,0.08503385057533541
656,0.08439038884085096,4,0.08439038884085096
657,0.08375013173876647,4,0.08375013173876647
658,0.08311314490633123,4,0.08311314490633123
659,0.08247949175696695,4,0.08247949175696695
660,0.081849233469289,4,0.081849233469289
661,0.08122242897921149,4,0.08122242897921149
662,0.08059913497506735,4,0.08059913497506735
663,0.07997940589567423,4,0.07997940589567423
664,0.07936329393126715,4,0.07936329393126715
665,0.07875084902721735,4,0.07875084902721735
666,0.07814211889045058,4,0.07814211889045058
667,0.07753714899847564,4,0.07753714899847564
668,0.07693598261092856,4,0.07693598261092856
669,0.07633866078353806,4,0.07633866078353806
670,0.07574522238441103,4,0.07574522238441103
671,0.07515570411253886,4,0.07515570411253886
672,0.07457014051842119,4,0.07457014051842119
673,0.07398856402670209,4,0.07398856402670209
674,0.07341100496071508,4,0.07341100496071508
675,0.07283749156882963,4,0.07283749156882963
676,0.07226805005249476,4,0.07226805005249476
677,0.07170270459587216,4,0.07170270459587216
678,0.07114147739695481,4,0.07114147739695481
679,0.07058438870006563,4,0.07058438870006563
680,0.0700314568296322,4,0.0700314568296322
681,0.06948269822513603,4,0.06948269822513603
682,0.06893812747713417,4,0.06893812747713417
683,0.06839775736425495,4,0.06839775736425495
684,0.0678615988910706,4,0.0678615988910706
685,0.06732966132675099,4,0.06732966132675099
686,0.06680195224440655,4,0.06680195224440655
687,0.06627847756102961,4,0.06627847756102961
688,0.06575924157794773,4,0.06575924157794773
689,0.0652442470217021,4,0.0652442470217021
690,0.06473349508527183,4,0.06473349508527183
691,0.06422698546956263,4,0.06422698546956263
692,0.06372471642508602,4,0.06372471642508602
693,0.06322668479375465,4,0.06322668479375465
694,0.06273288605072522,4,0.06273288605072522
695,0.06224331434622178,4,0.06224331434622178
696,0.06175796254727618,4,0.06175796254727618
697,0.06127682227932594,4,0.06127682227932594
698,0.060799883967612114,4,0.060799883967612114
699,0.06032713687832306,4,0.06032713687832306
700,0.059858569159434674,4,0.059858569159434674
701,0.05939416788119782,4,0.05939416788119782
702,0.05893391907623012,4,0.05893391907623012
703,0.05847780777916908,4,0.05847780777916908
704,0.05802581806584925,4,0.05802581806584925
705,0.057577933091966585,4,0.057577933091966585
706,0.057134135131198444,4,0.057134135131198444
707,0.056694405612747835,4,0.056694405612747835
708,0.05625872515828485,4,0.05625872515828485
709,0.05582707361826089,4,0.05582707361826089
710,0.055399430107572645,4,0.055399430107572645
711,0.05497577304055562,4,0.05497577304055562
712,0.05455608016529057,4,0.05455608016529057
713,0.05414032859720572,4,0.05414032859720572
714,0.05372849485196299,4,0.05372849485196299
715,0.05332055487761578,4,0.05332055487761578
716,0.052916484086029114,4,0.052916484086029114
717,0.0525162573835554,4,0.0525162573835554
718,0.052119849200958315,4,0.052119849200958315
719,0.05172723352258242,4,0.05172723352258242
720,0.051338383914764835,4,0.051338383914764835
721,0.050953273553487964,4,0.050953273553487964
722,0.050571875251274184,4,0.050571875251274184
723,0.050194161483323244,4,0.050194161483323244
724,0.04982010441289592,4,0.04982010441289592
725,0.049449675915947414,4,0.049449675915947414
726,0.04908284760501537,4,0.04908284760501537
727,0.04871959085236954,4,0.04871959085236954
728,0.048359876812428565,4,0.048359876812428565
729,0.048003676443452895,4,0.048003676443452895
730,0.047650960528521476,4,0.047650960528521476
731,0.04730169969580232,4,0.04730169969580232
732,0.04695586443812578,4,0.04695586443812578
733,0.04661342513187201,4,0.04661342513187201
734,0.046274352055183196,4,0.046274352055183196
735,0.04593861540551167,4,0.04593861540551167
736,0.04560618531651649,4,0.04560618531651649
737,0.04527703187431989,4,0.04527703187431989
738,0.044951125133137274,4,0.044951125133137274
739,0.044628435130292084,4,0.044628435130292084
740,0.044308931900630184,4,0.044308931900630184
741,0.043992585490345584,4,0.043992585490345584
742,0.04367936597023218,4,0.04367936597023218
743,0.04336924344837355,4,0.04336924344837355
744,0.04306218808228596,4,0.04306218808228596
745,0.042758170090526966,4,0.042758170090526966
746,0.04245715976378388,4,0.04245715976378388
747,0.04215912747545546,4,0.04215912747545546
748,0.04186404369174068,4,0.04186404369174068
749,0.04157187898124791,4,0.04157187898124791
750,0.04128260402413802,4,0.04128260402413802
751,0.04099618962081454,4,0.04099618962081454
752,0.040712606700174965,4,0.040712606700174965
753,0.04043182632743512,4,0.04043182632743512
754,0.040153819711540334,4,0.040153819711540334
755,0.039878558212176125,4,0.039878558212176125
756,0.0396060133463909,4,0.0396060133463909
757,0.039336156794842765,4,0.039336156794842765
758,0.039068960407683706,4,0.039068960407683706
759,0.038804396210091865,4,0.038804396210091865
760,0.03854243640746447,4,0.03854243640746447
761,0.038283053390283525,4,0.038283053390283525
762,0.03802621973866408,4,0.03802621973866408
763,0.037771908226597886,4,0.037771908226597886
764,0.03752009182590207,4,0.03752009182590207
765,0.03727074370988469,4,0.03727074370988469
766,0.037023837256736275,4,0.037023837256736275
767,0.036779346052658424,4,0.036779346052658424
768,0.03653724389473946,4,0.03653724389473946
769,0.03629750479358617,4,0.03629750479358617
770,0.036060102975721535,4,0.036060102975721535
771,0.03582501288575777,4,0.03582501288575777
772,0.03559220918835324,4,0.03559220918835324
773,0.035361666769962254,4,0.035361666769962254
774,0.035133360740385935,4,0.035133360740385935
775,0.034907266434133194,4,0.034907266434133194
776,0.03468335941159835,4,0.03468335941159835
777,0.03446161546006472,4,0.03446161546006472
778,0.03424201059454074,4,0.03424201059454074
779,0.0340245210584363,4,0.0340245210584363
780,0.03380912332408636,4,0.03380912332408636
781,0.033595794093128385,4,0.033595794093128385
782,0.03338451029674083,4,0.03338451029674083
783,0.03317524909574883,4,0.03317524909574883
784,0.03296798788060288,4,0.03296798788060288
785,0.0327627042712376,4,0.0327627042712376
786,0.03255937611681506,4,0.03255937611681506
787,0.03235798149535955,4,0.03235798149535955
788,0.03215849871328835,4,0.03215849871328835
789,0.0319609063048443,4,0.0319609063048443
790,0.03176518303143473,4,0.03176518303143473
791,0.03157130788088222,4,0.03157130788088222
792,0.031379260066591266,4,0.031379260066591266
793,0.03118901902663615,4,0.03118901902663615
794,0.031000564422773436,4,0.031000564422773436
795,0.03081387613938421,4,0.03081387613938421
796,0.030628934282349765,4,0.030628934282349765
797,0.03044571917786413,4,0.03044571917786413
798,0.030264211371188416,4,0.030264211371188416
799,0.03008439162534922,4,0.03008439162534922
800,0.029906240919785387,4,0.029906240919785387
801,0.02972974044894646,4,0.02972974044894646
802,0.029554871620845576,4,0.029554871620845576
803,0.029381616055570305,4,0.029381616055570305
804,0.029209955583754006,4,0.029209955583754006
805,0.029039872245011082,4,0.029039872245011082
806,0.028871348286338062,4,0.028871348286338062
807,0.028704366160483955,4,0.028704366160483955
808,0.02853890852429175,4,0.02853890852429175
809,0.028374958237013685,4,0.028374958237013685
810,0.02821249835860263,4,0.02821249835860263
811,0.0280515121479816,4,0.0280515121479816
812,0.02789198306129364,4,0.02789198306129364
813,0.027733894750133888,4,0.027733894750133888
814,0.027577231059766283,4,0.027577231059766283
815,0.027421976027325507,4,0.027421976027325507
816,0.027268113880007695,4,0.027268113880007695
817,0.027115629033249742,4,0.027115629033249742
818,0.02696450608890015,4,0.02696450608890015
819,0.026814729833382234,4,0.026814729833382234
820,0.02666628523585122,4,0.02666628523585122
821,0.026519157446346996,4,0.026519157446346996
822,0.026373331793943085,4,0.026373331793943085
823,0.026228793784893692,4,0.026228793784893692
824,0.026085529100780033,4,0.026085529100780033
825,0.02594352359665649,4,0.02594352359665649
826,0.02580276329919807,4,0.02580276329919807
827,0.02566323440485043,4,0.02566323440485043
828,0.02552492327798258,4,0.02552492327798258
829,0.025387816449044073,4,0.025387816449044073
830,0.025251900612726946,4,0.025251900612726946
831,0.02511716262613362,4,0.02511716262613362
832,0.024983589506950947,4,0.024983589506950947
833,0.024851168431631848,4,0.024851168431631848
834,0.024719886733584828,4,0.024719886733584828
835,0.02458973190137173,4,0.02458973190137173
836,0.024460691576914908,4,0.024460691576914908
837,0.024332753553714122,4,0.024332753553714122
838,0.0242059057750734,4,0.0242059057750734
839,0.024080136332339,4,0.024080136332339
840,0.023955433463148195,4,0.023955433463148195
841,0.02383178554968998,4,0.02383178554968998
842,0.02370918111697747,4,0.02370918111697747
843,0.02358760883113313,4,0.02358760883113313
844,0.023467057497686288,4,0.023467057497686288
845,0.023347516059883992,4,0.023347516059883992
846,0.02322897359701507,4,0.02322897359701507
847,0.023111419322748027,4,0.023111419322748027
848,0.022994842583482476,4,0.022994842583482476
849,0.022879232856714993,4,0.022879232856714993
850,0.02276457974941914,4,0.02276457974941914
851,0.022650872996439857,4,0.022650872996439857
852,0.02253810245890287,4,0.02253810245890287
853,0.02242625812263855,4,0.02242625812263855
854,0.022315330096620893,4,0.022315330096620893
855,0.022205308611421556,4,0.022205308611421556
856,0.022096184017679103,4,0.022096184017679103
857,0.021987946784583365,4,0.021987946784583365
858,0.02188058749837534,4,0.02188058749837534
859,0.02177409686086222,4,0.02177409686086222
860,0.021668465687948127,4,0.021668465687948127
861,0.021563684908180288,4,0.021563684908180288
862,0.021459745561310382,4,0.021459745561310382
863,0.021356638796871944,4,0.021356638796871944
864,0.02125435587277273,4,0.02125435587277273
865,0.021152888153903076,4,0.021152888153903076
866,0.02105222711075947,4,0.02105222711075947
867,0.020952364318083644,4,0.020952364318083644
868,0.020853291453517248,4,0.020853291453517248
869,0.020755000296271652,4,0.020755000296271652
870,0.02065748272581343,4,0.02065748272581343
871,0.0205607307205649,4,0.0205607307205649
872,0.020464736356620092,4,0.020464736356620092
873,0.02036949180647568,4,0.02036949180647568
874,0.020274989337777254,4,0.020274989337777254
875,0.020181221312080434,4,0.020181221312080434
876,0.02008818018362705,4,0.02008818018362705
877,0.019995858498136065,4,0.019995858498136065
878,0.019904248891609473,4,0.019904248891609473
879,0.019813344089152564,4,0.019813344089152564
880,0.019723136903808978,4,0.019723136903808978
881,0.019633620235410248,4,0.019633620235410248
882,0.01954478706943958,4,0.01954478706943958
883,0.019456630475909877,4,0.019456630475909877
884,0.019369143608256197,4,0.019369143608256197
885,0.0192823197022416,4,0.0192823197022416
886,0.0191961520748778,4,0.0191961520748778
887,0.019110634123358707,4,0.019110634123358707
888,0.019025759324008285,4,0.019025759324008285
889,0.018941521231241647,4,0.018941521231241647
890,0.01885791347653972,4,0.01885791347653972
891,0.018774929767436943,4,0.018774929767436943
892,0.01869256388652253,4,0.01869256388652253
893,0.018610809690454436,4,0.018610809690454436
894,0.01852966110898639,4,0.01852966110898639
895,0.018449112144007712,4,0.018449112144007712
896,0.018369156868595617,4,0.018369156868595617
897,0.018289789426080276,4,0.018289789426080276
898,0.018211004029122062,4,0.018211004029122062
899,0.018132794958801164,4,0.018132794958801164
900,0.01805515656371927,4,0.01805515656371927
901,0.01797808325911316,4,0.01797808325911316
902,0.017901569525980293,4,0.017901569525980293
903,0.01782560991021606,4,0.01782560991021606
904,0.01775019902176253,4,0.01775019902176253
905,0.017675331533768705,4,0.017675331533768705
906,0.017601002181762172,4,0.017601002181762172
907,0.017527205762831892,4,0.017527205762831892
908,0.017453937134821858,4,0.017453937134821858
909,0.01738119121553598,4,0.01738119121553598
910,0.017308962981953457,4,0.017308962981953457
911,0.017237247469455198,4,0.017237247469455198
912,0.017166039771060248,4,0.017166039771060248
913,0.017095335036673133,4,0.017095335036673133
914,0.017025128472340993,4,0.017025128472340993
915,0.016955415339521284,4,0.016955415339521284
916,0.016886190954359243,4,0.016886190954359243
917,0.016817450686975308,4,0.016817450686975308
918,0.016749189960762238,4,0.016749189960762238
919,0.016681404251692032,4,0.016681404251692032
920,0.016614089087632032,4,0.016614089087632032
921,0.016547240047670927,4,0.016547240047670927
922,0.0164808527614536,4,0.0164808527614536
923,0.016414922908525146,4,0.016414922908525146
924,0.01634944621768414,4,0.01634944621768414
925,0.01628441846634472,4,0.01628441846634472
926,0.016219835479907376,4,0.016219835479907376
927,0.016155693131138543,4,0.016155693131138543
928,0.016091987339558578,4,0.016091987339558578
929,0.01602871407083841,4,0.01602871407083841
930,0.015965869336204266,4,0.015965869336204266
931,0.01590344919185091,4,0.01590344919185091
932,0.015841449738362642,4,0.015841449738362642
933,0.015779867120142704,4,0.015779867120142704
934,0.01571869752485009,4,0.01571869752485009
935,0.015657937182844608,4,0.015657937182844608
936,0.015597582366639284,4,0.015597582366639284
937,0.015537629390360502,4,0.015537629390360502
938,0.015478074609215565,4,0.015478074609215565
939,0.015418914418967537,4,0.015418914418967537
940,0.015360145255417602,4,0.015360145255417602
941,0.015301763593894182,4,0.015301763593894182
942,0.015243765948749509,4,0.015243765948749509
943,0.015186148872862893,4,0.015186148872862893
944,0.015128908957150942,4,0.015128908957150942
945,0.01507204283008463,4,0.01507204283008463
946,0.01501554715721291,4,0.01501554715721291
947,0.014959418640692935,4,0.014959418640692935
948,0.014903654018826895,4,0.014903654018826895
949,0.014848250065604982,4,0.014848250065604982
950,0.014793203590255048,4,0.014793203590255048
951,0.014738511436798024,4,0.014738511436798024
952,0.01468417048360985,4,0.01468417048360985
953,0.014630177642989354,4,0.014630177642989354
954,0.01457652986073182,4,0.01457652986073182
955,0.014523224115708831,4,0.014523224115708831
956,0.014470257419453694,4,0.014470257419453694
957,0.014417626815752434,4,0.014417626815752434
958,0.014365329380240783,4,0.014365329380240783
959,0.014313362220006403,4,0.014313362220006403
960,0.014261722473196571,4,0.014261722473196571
961,0.014210407308631535,4,0.014210407308631535
962,0.014159413925422883,4,0.014159413925422883
963,0.014108739552597269,4,0.014108739552597269
964,0.01405838144872528,4,0.01405838144872528
965,0.014008336901555528,4,0.014008336901555528
966,0.01395860322765341,4,0.01395860322765341
967,0.013909177772045145,4,0.013909177772045145
968,0.01386005790786664,4,0.01386005790786664
969,0.0138112410360169,4,0.0138112410360169
970,0.013762724584816467,4,0.013762724584816467
971,0.013714506009670308,4,0.013714506009670308
972,0.013666582792735497,4,0.013666582792735497
973,0.013618952442593263,4,0.013618952442593263
974,0.01357161249392553,4,0.01357161249392553
975,0.013524560507195919,4,0.013524560507195919
976,0.01347779406833506,4,0.01347779406833506
977,0.013431310788430139,4,0.013431310788430139
978,0.013385108303418776,4,0.013385108303418776
979,0.01333918427378683,4,0.01333918427378683
980,0.013293536384270542,4,0.013293536384270542
981,0.013248162343562572,4,0.013248162343562572
982,0.013203059884022074,4,0.013203059884022074
983,0.013158226761388545,4,0.013158226761388545
984,0.013113660754499865,4,0.013113660754499865
985,0.013069359665013686,4,0.013069359665013686
986,0.013025321317132962,4,0.013025321317132962
987,0.012981543557334985,4,0.012981543557334985
988,0.012938024254104109,4,0.012938024254104109
989,0.01289476129766809,4,0.01289476129766809
990,0.012851752599737806,4,0.012851752599737806
991,0.012808996093250837,4,0.012808996093250837
992,0.012766489732117962,4,0.012766489732117962
993,0.012724231490973568,4,0.012724231490973568
994,0.012682219364928998,4,0.012682219364928998
995,0.01264045136932942,4,0.01264045136932942
996,0.012598925539513828,4,0.012598925539513828
997,0.012557639930578351,4,0.012557639930578351
998,0.01251659261714251,4,0.01251659261714251
999,0.012475781693118889,4,0.012475781693118889
1000,0.01243520527148554,4,0.01243520527148554
1001,0.01239486148406167,4,0.01239486148406167
1002,0.012354748481286152,4,0.012354748481286152
1003,0.012314864431998985,4,0.012314864431998985
1004,0.012275207523225647,4,0.012275207523225647
1005,0.01223577595996443,4,0.01223577595996443
1006,0.0121965679649764,4,0.0121965679649764
1007,0.012157581778578124,4,0.012157581778578124
1008,0.012118815658437313,4,0.012118815658437313
1009,0.012080267879370964,4,0.012080267879370964
1010,0.012041936733146304,4,0.012041936733146304
1011,0.012003820528284118,4,0.012003820528284118
1012,0.011965917589864955,4,0.011965917589864955
1013,0.01192822625933769,4,0.01192822625933769
1014,0.01189074489433049,4,0.01189074489433049
1015,0.011853471868464548,4,0.011853471868464548
1016,0.01181640557116999,4,0.01181640557116999
1017,0.011779544407504191,4,0.011779544407504191
1018,0.011742886797972737,4,0.011742886797972737
1019,0.01170643117835226,4,0.01170643117835226
1020,0.011670175999515989,4,0.011670175999515989
1021,0.011634119727261348,4,0.011634119727261348
1022,0.01159826084213973,4,0.01159826084213973
1023,0.011562597839288756,4,0.011562597839288756
1024,0.01152712922826634,4,0.01152712922826634
1025,0.011491853532887201,4,0.011491853532887201
1026,0.011456769291061212,4,0.011456769291061212
1027,0.01142187505463415,4,0.01142187505463415
1028,0.011387169389230095,4,0.011387169389230095
1029,0.011352650874096273,4,0.011352650874096273
1030,0.011318318101949523,4,0.011318318101949523
1031,0.01128416967882499,4,0.01128416967882499
1032,0.011250204223926556,4,0.011250204223926556
1033,0.011216420369479377,4,0.011216420369479377
1034,0.011182816760584153,4,0.011182816760584153
1035,0.011149392055073242,4,0.011149392055073242
1036,0.011116144923368765,4,0.011116144923368765
1037,0.011083074048342346,4,0.011083074048342346
1038,0.01105017812517671,4,0.01105017812517671
1039,0.011017455861229021,4,0.011017455861229021
1040,0.010984905975895935,4,0.010984905975895935
1041,0.0109525272004804,4,0.0109525272004804
1042,0.010920318278060096,4,0.010920318278060096
1043,0.010888277963357541,4,0.010888277963357541
1044,0.010856405022611839,4,0.010856405022611839
1045,0.010824698233452026,4,0.010824698233452026
1046,0.010793156384772021,4,0.010793156384772021
1047,0.010761778276607206,4,0.010761778276607206
1048,0.010730562720012393,4,0.010730562720012393
1049,0.010699508536941444,4,0.010699508536941444
1050,0.010668614560128345,4,0.010668614560128345
1051,0.010637879632969874,4,0.010637879632969874
1052,0.010607302609409515,4,0.010607302609409515
1053,0.010576882353822988,4,0.010576882353822988
1054,0.010546617740905116,4,0.010546617740905116
1055,0.0105165076555582,4,0.0105165076555582
1056,0.010486550992781667,4,0.010486550992781667
1057,0.010456746657563052,4,0.010456746657563052
1058,0.010427093564770482,4,0.010427093564770482
1059,0.010397590639046406,4,0.010397590639046406
1060,0.010368236814702534,4,0.010368236814702534
1061,0.010339031035616258,4,0.010339031035616258
1062,0.01030997225512821,4,0.01030997225512821
1063,0.010281059435941098,4,0.010281059435941098
1064,0.010252291550019787,4,0.010252291550019787
1065,0.01022366757849273,4,0.01022366757849273
1066,0.010195186511554313,4,0.010195186511554313
1067,0.010166847348368719,4,0.010166847348368719
1068,0.010138649096974673,4,0.010138649096974673
1069,0.010110590774191654,4,0.010110590774191654
1070,0.010082671405526857,4,0.010082671405526857
1071,0.010054890025083717,4,0.010054890025083717
1072,0.010027245675471183,4,0.010027245675471183
1073,0.009999737407714293,4,0.009999737407714293
